{"cameraMode":{"drawMode":0,"name":"Shaded","section":"Shading Mode"},"sceneLighting":true,"audioPlay":false,"sceneViewState":{"showFog":true,"showMaterialUpdate":false,"showSkybox":true,"showFlares":true,"showImageEffects":true,"showParticleSystems":true},"in2DMode":false,"pivot":{"x":-0.25689369440078738,"y":-1.4683823585510255,"z":0.46542856097221377},"rotation":{"x":0.14098311960697175,"y":-0.7356911897659302,"z":0.16142861545085908,"w":0.6425206065177918},"size":3.604912757873535,"orthographic":false}